URL,Name,Price,Rating,Seller,Description
https://www.newegg.com/msi-pro-z790-a-max-wifi-atx-intel-z790-lga-1700/p/N82E16813144634,MSI PRO Z790-A MAX WIFI LGA 1700 Intel Z790 SATA 6Gb/s ATX Motherboard,285.00,4.3,zara technologies,"Supports Intel Core Next-gen 14th Gen / 13th Gen / 12th Gen, Pentium Gold and Celeron processors for LGA 1700 socket
 Supports DDR5 Memory, Dual Channel DDR5 7800+MHz (OC)
 Enhanced Power Design: 16+1+1 DRPS with 80A SPS, dual 8-pin CPU power connectors, Core Boost, Memory Boost
 Premium Thermal Solution: Extended Heatsink, MOSFET thermal pads rated for 7W/mK, additional choke thermal pads and M.2 Shield Frozr are built for high performance system and non-stop gaming experience
 High Quality PCB: 6-layer PCB made by 2oz thickened copper and server grade level material
 Lightning Fast Game experience: PCIe 5.0 slot, Lightning Gen 4 x4 M.2, USB 3.2 Gen 2x2
 2.5G LAN with Wi-Fi 7 Solution: Upgraded network solution for professional and multimedia use. Delivers a secure, stable and fast network connection"
https://www.newegg.com/gigabyte-z790-aorus-master-x-extended-atx-intel-z790-lga-1700/p/N82E16813145476,"GIGABYTE Z790 AORUS MASTER X LGA 1700(14th,13th,12th Gen) Intel Z790 X EATX Motherboard with DDR5, 5 M.2, PCIe 5.0, USB 3.2 Type-C, Wi-Fi 7, 10GbE LAN, Q-Flash Plus, EZ-Latch Plus",449.99,4,Newegg,"Intel LGA 1700 Socket: Supports 13th and next-gen processors
 Dual Channel DDR5: 4*DIMMs with XMP 3.0 memory module support
 Commanding Power Design: Digital direct 20+1+2 phases VRM solution
 Cutting-Edge Thermal Design: VRM Thermal Armor Fins-Array & M.2 Thermal Guard
 Ultra-Fast Storage: 5*M.2 slots, including 1 PCIe 5.0 x4
 Fast Networking: 10GbE LAN & Wi-Fi 7
 Extended Connectivity: PCIe 5.0, DP, Front & Dual Rear USB-C 20Gb/s
 Fine Tuning Features: RGB FUSION 2.0, Supports Addressable LED & RGB LED Strips, Smart Fan 6, Q-Flash Plus Update BIOS without installing CPU, Memory, and GPU"
https://www.newegg.com/lsi-megaraid-sas-9361-8i-sata-sas/p/N82E16816118230,LSI 9300 MegaRAID SAS 9361-8i (LSI00417) PCI-Express 3.0 x8 Low Profile SATA / SAS High Performance Eight-Port 12Gb/s RAID Controller (Single Pack)--Avago Technologies,94.99,4.2,Cloud Computing LLC,"RAID 0/1/5/6/10/50/60 
 2 x mini-SAS SFF8643 internal connector (Horizontal mount) Internal Connectors 
 Up to 12Gb/s"
https://www.newegg.com/asus-pg27ucdm-27-uhd-240-hz-rog-swift-oled-qd-oled-black/p/N82E16824281348,"ASUS 27"" 240 Hz OLED UHD Gaming Monitor FreeSync Premium Pro & G-Sync Compatible DCI-P3 99%, sRGB 145% ROG Swift OLED PG27UCDM",1199.99,4.8,Newegg,"27"" 
 OLED UHD 
 240 Hz 
 FreeSync Premium Pro & G-Sync Compatible 
 1,500,000:1 
 1.07 Billion 
 Tilt: +20° ~ -5° Swivel: +30° ~ -30° Height adjustment: 0~120mm Pivot: +90° ~ -90°        
 1 x DisplayPort 2.1 / 1 x USB-C (PD 90W) / 2 x HDMI 2.1 3 x USB 3.2 Gen 1 Type-A 
 DisplayPort 2.1 DP80 cable, HDMI Ultra High-Speed Cable, Power cord, Power adaptor, Quick start guide, USB 3.2 cable, ROG Wall-Mount kit, Warranty Card, ROG sticker, ROG pouch, Microfiber cloth, color calibration report"
https://www.newegg.com/green-project-b-lc75y-yellow/p/N82E16828651003,Green Project B-LC75Y Yellow Ink Cartridge Replaces Brother LC75Y,6.64,,Newegg,"Yellow 
 600 Pages 
 Compatible Products LC75Y,LC75-Y,LC-75 Y,LC75-Y DCP-J525W DCP-J725DW DCP-J925DW MFC-J280W MFC-J425W MFC-J430W MFC-J435W MFC-J5910DW MFC-J625W MFC-J6510DW MFC-J6710DW MFC-J6910DW MFC-J825DW MFC-J835DW"
https://www.newegg.com/purple-startech-0-5-ft-consumer-electronics/p/N82E16812399077,StarTech N6PATCH6INPL StarTech.com Cat6 Patch Cable - 6 in - Purple Ethernet Cable - Snagless RJ45 Cable - Ethernet Cord - Cat 6 Cable - 6in,390.99,,Newegg,"6in Purple CAT6 Ethernet cable w/ 100% copper Multi Gigabit 1/2.5/5Gbps and 10Gbps up to 160ft|Fluke patch cord tested to comply w/ ANSI/TIA-568-2.D Category 6
 24 AWG stranded copper conductors|Up to 100W for PoE applications|IEEE 802.3bt and DTE power compliance|Built w/ ETL and UL verified wire (E132276-A)|650Mhz Rated|ANSI/TIA-568-B wiring|6 inch
 50-micron gold-plated RJ45 connectors stop rust/corrosion
 Snagless UTP network cable is easily pulled through wiring conduits"
https://www.newegg.com/amd-epyc-4344p-socket-am5/p/N82E16819113835,AMD EPYC 4004 (4th Gen) 4344P Octa-core (8 Core) 3.80 GHz Processor -  32 MB L3 Cache - 64-bit Processing - 5.30 GHz Overclocking Speed - Socket AM5 - 65 W - 16 Threads 100-100001479WOF,349.99,5,Newegg,AMD EPYC 4004 (4th Gen) 4344P Octa-core (8 Core) 3.80 GHz Processor -  32 MB L3 Cache - 64-bit Processing - 5.30 GHz Overclocking Speed - Socket AM5 - 65 W - 16 Threads 100-100001479WOF
https://www.newegg.com/intel-xeon-w5-2455x-lga-4677/p/N82E16819118460,Intel Xeon w5-2455X Dodeca-core (12 Core) 3.20 GHz Processor - 30 MB L3 Cache - 64-bit Processing - 4.60 GHz Overclocking Speed - Socket LGA-4677 - 240 W - 24 Threads -BX807132455X,1049.99,4.5,Newegg,"The processor features Socket LGA-4677 socket for installation on the PCB
 30 MB of L3 cache memory offers great system performance and avoids interruptions while executing complex and critical tasks
 Dodeca-core (12 Core) processor core helps processor process data in a dependable and timely manner with maximum productivity
 Processor with 3.20 GHz clock speed for quick and dependable processing of data to ensure maximum productivity
 Intel Xeon 3.20 GHz processor offers great stability when you are dealing with 3D rendering software or playing games. Integrated ECC-memory reduces the chance of critical system crashes."
https://www.newegg.com/ubiquiti-networks-usw-ultra-gbe-rj45-ports/p/2WK-00B4-000Z3,Ubiquiti Networks Ultra (USW-Ultra (42W)) Switch,106.11,,Deal Targets,"A compact, Layer 2, 8-port GbE PoE switch with versatile mounting options.
 (7) GbE PoE+ output ports
 (1) GbE PoE++ input port*
 — 42W PoE availability with PoE++ input
 — 16W PoE availability with PoE+ input
 *PoE input is supported for switch operation, with PoE+/PoE++ input or AC power required for PoE output."
https://www.newegg.com/msi-mpg-mt201r-mount-iron-grey/p/N82E16824960025,"MSI MPG MT201R - Premium RGB Single Monitor Stand Arm,  Supports 17-49"" Screens and 44 lbs, VESA Compatible, Adjustable Heavy Duty Gas Spring Mount, Clamp & Grommet, Quick Release Plate - Gray",2099.90,4.4,Newegg,"Elevate Your Workspace with the MSI MPG MT201R Premium RGB Single Monitor Stand Arm.
 Experience the ultimate in ergonomic comfort and productivity with our fully adjustable heavy-duty gas spring mount. 
 Perfect for monitors sized 17-49 inches, the arm boasts a capacity of 44 lbs per screen, ensuring stability and versatility. 
 Compatible with VESA mounting standards (100x100 and 75x75), installation is a breeze with the quick-release plate. 
 Enhance your setup with sleek gray aesthetics. Plus, enjoy peace of mind with our 3-year coverage."
https://www.newegg.com/p/N82E16824027361,"SAMSUNG 27"" Odyssey OLED G8 G81SF 4K 240Hz Gaming Monitor",1299.99,,Newegg,"Samsung's 27"" Odyssey OLED G8 Gaming Monitor offers stunning 4K detail with a 166 PPI OLED screen. 
 Glare Free technology eliminates reflections, while VESA DisplayHDR True Black 400 enhances contrast and color with deep blacks. 
 The Safeguard+ Dynamic Cooling System reduces heat 5x faster than graphite, preventing burn-ins. 
 Thermal Modulation controls brightness to prevent overheating, and Logo & Taskbar Detection dims static images. 
 With a 240Hz refresh rate and 0.03ms response time, gameplay is ultra-smooth. 
 AMD FreeSync Premium Pro and VRR reduce screen lag and tearing. 
 The premium metal design features CoreSync & CoreLighting+ for full immersion, and the Ergonomic Stand offers customizable comfort."
https://www.newegg.com/neutral-hp-ce977a-toner/p/N82E16828999255,HP CE977A 110V Fuser Kit for Color LaserJet,300.89,,MyOfficeInnovations,"CE977A 
 Toner"
https://www.newegg.com/odyssey-arc-b580-12gb-gddr6/p/N82E16814987001,ONIX ODYSSEY Arc B580 12GB GDDR6 PCI Express 4.0 x8 ATX Graphics Card 8346-00178,319.99,4.9,Newegg,"12GB 192-Bit GDDR6 
 Core Clock 2670 MHz 
 1 x HDMI 2.1 3 x DisplayPort 2.1 
 PCI Express 4.0 x8"
https://www.newegg.com/asus-rog-astral-rog-astral-rtx5080-o16g-gaming-nvidia-geforce-rtx-5080-16gb-gddr7/p/N82E16814126742,ASUS ROG Astral GeForce RTX 5080 16GB GDDR7 OC Edition ROG-ASTRAL-RTX5080-O16G-GAMING PCI-Express 5.0 DLSS 4.0 Graphics Card,1649.99,4.8,Newegg,"16GB 256-Bit GDDR7 
 2 x HDMI 2.1b 3 x DisplayPort 2.1a 
 10752 Cores CUDA Cores 
 DLSS 4.0
 PCI Express 5.0 x16"
https://www.newegg.com/syba-si-pex40156-pci-express/p/1B3-002S-00003,4 Port SATA III PCI-e 3.0 x1 Card Non-Raid with Low Profile Bracket,15.99,4.2,Newegg,Chipset: ASMedia 1064 4 Internal SATA 6Gb/s Ports. SATA ports are bootable Compliant with Serial ATA Specification 3.0. Hot Plug and Hot Swap Compliant with PCI-Express Specification v1.0 Supports Native Command Queue (NCQ). Supports Port Multiplier FIS Based Switching or Command Based Switching Supports UEFI(Unified Extensible Firmware Interface)
https://www.newegg.com/istarusa-d-400-6-silver/p/N82E16811165187,"iStarUSA D-400-6-SILVER Steel 4U Rackmount Compact Stylish Server Chassis 6 External 5.25"" Drive Bays - OEM",199.99,4.6,Newegg,"6 External 5.25"" Drive Bays 
 1 80mm Fans"
https://www.newegg.com/corsair-k55-rgb-pro-ch-9226765-na-rubber-dome-mechanical-keyboard/p/N82E16823816143,"CORSAIR K55 RGB PRO-Dynamic RGB Backlighting - Six Macro Keys with Elgato Stream Deck Software Integration-IP42 Dust and Spill Resistant-Detachable Palm Rest-Dedicated Media and Volume Keys, Black",49.00,4.4,Newegg,"Light up your desktop with six onboard lighting effects, assign a color to each lighting zone, or program your own vibrant lighting effects across five RGB lighting zones with CORSAIR iCUE software.  Activate functions, shortcuts, or keypresses in just one stroke with six dedicated macro keys, easily set up through CORSAIR iCUE software, or use instant streaming commands through Elgato Stream Deck software.  IP42-rated dust and spill resistance guards against accidents so your gameplay never has to stop.  A soft rubber detachable palm rest reduces stress on your hands so you can play longer in comfort, with a textured surface to keep your hands from slipping.  Dedicated volume and media keys let you control media playback and fine-tune volume on-the-fly without having to interrupt your game.  Quiet and responsive keys offer comfortable typing during both work and play, with a tactile bump for responsive gaming performance."
https://www.newegg.com/p/N82E16833320546,"ASUS ROG Rapture GT6 (2PK) Tri-Band WiFi 6 Gaming Mesh WiFi System, covers up to 5,800 sq ft, 2.5 Gbps port, triple-level game acceleration, ASUS RangeBoost Plus, UNII 4, Free lifetime internet security, Black",399.99,4,Newegg,"1.	High-Efficiency Performance – WiFi 6 tri-band gaming mesh system with dedicated high-performance backhaul and 160 MHz channels that provide ultrafast speeds of up to 10,000 Mbps.
 2.	Expanded Coverage – Nine powerful internal antennas and ASUS RangeBoost Plus technology to cover up to 5,800 square feet.
 3.	Ultra-fast Wired Connection – Enjoy up to 2.5 times faster wired connectivity with a 2.5 Gbps WAN port and LAN aggregation.
 4.	Triple-Level Game Acceleration – Optimize game traffic every step of the way, from your device to the game server.
 5.	Comprehensive Network Security - Free lifetime subscription to AiProtection by Trend Micro™ and ASUS Instant Guard, which secures your WiFi and protects your devices wherever you are."
https://www.newegg.com/startech-com-glclhsmdst/p/N82E16833114155,StarTech.com Cisco GLC-LH-SMD Compatible SFP Module - 1000BASE-LX/LH - 1GE Gigabit Ethernet 1GbE Single Mode Fiber SMF Optic Transceiver,49.99,,Newegg,"100% CISCO GLC-LH-SMD COMPATIBLE: Works with Cisco switches like Firepower, ASR920, IE2000, IE4000, ASR1000 and others
 TECHNICAL SPECS: 1000BASE-LX/LH | 1 Gbps | Single Mode (SMF)/Multi Mode (MMF) | LC Connector | 1310nm | Digital Diagnostic Monitoring (DDM) | Distances up to 10km (6.2mi)
 TESTED FOR OEM HOST COMPATIBILITY: Hot-swappable in Cisco routers and switches; DDM support reports the transceiver's status to most SNMP network management tools
 OUTSTANDING SUPPORT: Backed by StarTech.com for the life of the module itself, not your equipment; our modules won't void your OEM support and with access to our Tech Advisors 5/24
 WORKS WITH MSA COMPLIANT SWITCHES: Also works with switch models from Ubiquiti, D-Link, Netgear, Supermicro, TP-Link and more that accept uncoded modules"
https://www.newegg.com/seagate-ironwolf-st4000vn006-4tb-hard-drive-for-nas-systems-5400-rpm/p/N82E16822185030,"Seagate IronWolf ST4000VN006 4TB 5400 RPM 256MB Cache SATA 6.0Gb/s 3.5"" Internal Hard Drive",390.99,4.2,Newegg,"5400 RPM 256MB Cache 
 SATA 6.0Gb/s 
 For NAS systems"
https://www.newegg.com/asrock-rack-altrad8ud-1l2t-ampere-altra-ampere-altra-max/p/N82E16813140130,ASRock Rack ALTRAD8UD-1L2T Deep Micro-ATX Server Motherboard Singel Socket (LGA 4926) Ampere Altra Max/Ampere Altra processors Dual 10G & 1G,829.00,5,Newegg,"Deep Micro-ATX (9.6"" x 10.5"")
 Support single Socket (LGA 4926), supports Ampere Altra Max/Ampere Altra processors
 Support 8 DIMM slots (1DPC), supports DDR4 288-pin RDIMM, LRDIMM
 Support 4 PCIe4.0 x16*
 Support 4 SlimSAS (PCIe4.0 x8)
 Support 2 OCuLink (PCIe4.0 x4)
 Support 2 M.2 (PCIe4.0 x4)
 Support 2 RJ45 (10GbE) by Intel® X550
 Support 1 RJ45 (1GbE) by Intel® i210
 Remote Management (IPMI)
 Support ATX PSU or 12V DC-IN"
https://www.newegg.com/asus-vu279hfi-w-27-fhd-digital-signal-frequency-hdmi-30-109-khz-48-100-hz-ips-white/p/N82E16824281349,"ASUS VU279HFI-W Eye Care Monitor – 27 inch Full HD (1920 x 1080), IPS, 100Hz, SmoothMotion, Adaptive Sync, Nano-ion, Eye Care Plus technology, Blue Light Filter, Flicker Free",2099.90,,Newegg,"27"" Full HD frameless design with IPS 178° wide viewing angle panel
 Built-in Nano-ion generator to enhance air quality in indoor environment
 SmoothMotion technology with up to 100Hz refresh rate and 1ms MPRT eliminate tracing and ensure crisp and clear video playback and daily usage
 Green sustainability with paper packaging and energy-efficient performance that meets environmental standards
 Eye Care Plus technology and TUV Rheinland-certified adjustable Blue Light Filter and ASUS Flicker Free technology ensure comfortable viewing"
https://www.newegg.com/blue-microphones-yetiwhiteout-usb-connector/p/N82E16836431029,"Logitech for Creators Blue Yeti USB Microphone for PC, Podcast, Gaming, Streaming, Studio, Computer Mic - Whiteout",99.99,4.5,Newegg,"Custom three-capsule array: produces clear, powerful, broadcast-quality sound for YouTube, game streaming, podcasting, Skype calls and music	 Four pickup patterns: cardioid, Omni, bidirectional, and stereo pickup patterns offer incredible flexibility, allowing you to record in ways that would normally require multiple microphones	 Onboard audio controls: studio controls for headphone volume, pattern selection, instant mute, and microphone gain put you in charge of every level of the recording and streaming process	 Legendary Blue Broadcast sound: makes the professional difference for recording, streaming and building your audience	 Unique position able design: adjust and pivot the microphone in relation to the sound source to optimize your sound quality	 Plug 'N play on Mac and PC: instantly start recording and streaming on Mac or PC"
https://www.newegg.com/neutral-hp-cf064a-cleaning-and-maintenance-kits/p/N82E16828999287,"HP CF064A 110V Maintenance Kit for HP LaserJet Enterprise Printer 600, M601, M602, M603",251.14,1,TripleNetPricing,"HP CF064A Maintenance Kit
 225,000 Page Yield
 Included in box: 110V fuser; Rollers (transfer, pick-up and feed); Installation guide
 Product box may differ from actual product box received"
https://www.newegg.com/creative-t100-wired-with-bluetooth-wireless-2-0/p/N82E16836116215,"Creative T100-2.0 Compact Hi-Fi Desktop Speakers, up to 80W Peak Power with Bluetooth 5.0, Optical-in, AUX-in, Wide Soundstage and Audio Clarity with Bass Control for Computers and Laptops (Black)",109.99,4.3,Newegg,"MINIMALISTIC 2.0 COMPUTER SPEAKERS - Elegant and minimalistic design that fits into any desktop setting. Perfect for desktop computers and laptops with limited tabletop space
 SIMPLE SETUP WITH MULTIPLE CONNECTIVITY OPTIONS - Simply connect T100 via a myriad of connectivity options such as wireless Bluetooth 5.0, 3.5 mm AUX-in, Optical-in for PS4 Pro, and USB flash drives (supports FLAC for hi-res lossless audio, WMA, and MP3 formats)
 WIDE SOUNDSTAGE AND SUPERIOR AUDIO CLARITY - Specially tuned to bring out a truly immersive and room-filling audio experience, enjoy wide, lifelike soundstage with incredible depth and audio clarity. Our proprietary BasXPort technology further enhances the bass for rich, deep tones without the need for a subwoofer
 POWERFUL 40W RMS DIGITAL AMPLIFIER - Furnished with 2.75” full-range drivers with built-in digital amplifier that fires up to 40W RMS and peak power of up to 80W. Enjoy detailed vocals and catch details that you have been missing before"
https://www.newegg.com/corsair-liquid-cooling-icue-link-277mm-amd-am5-am4-strx4-intel-1700-1200-115x-2066-2011-3-2011-white/p/N82E16835181370,"CORSAIR iCUE LINK H100i RGB Liquid CPU Cooler - QX120 RGB Fans - White - 240mm Radiator - Fits Intel LGA 1851, 1700, AMD AM5 - iCUE LINK System Hub Included",99.99,4.3,Newegg,"Simplified all-in-one CPU cooling with iCUE LINK
 Chain your iCUE LINK components together with fewer cables
 QX RGB fans with 34 LEDs per fan
 PWM fan speeds up to 2,400 RPM with Zero RPM mode support
 240mm radiator
 Pre-applied CORSAIR XTM70 thermal paste
 Split-flow copper cold plate with micro-skived fins (128 fins/in)
 iCUE LINK System Hub included for use with iCUE software
 Extended tubing length of 400mm for easy installation
 LGA 1851, 1700, 1200, 115X, and 2066, plus AMD Socket AM5, AM4, and sTR4
 Upgradeable to LCD screen with iCUE LINK AIO LCD Upgrade Kit
 Rotatable CORSAIR sails logo disk
 Five-year warranty"
https://www.newegg.com/logitech-910-005289-g305-wireless/p/N82E16826197309,"Logitech G305 LIGHTSPEED Wireless Gaming Mouse, Hero 12K Sensor, 12,000 DPI, Lightweight, 6 Programmable Buttons, 250h Battery Life, On-Board Memory, PC/Mac - White",47.99,4.6,Cloud Computing LLC,"HERO Gaming Sensor: Next-gen HERO mouse sensor delivers up to 10x the power efficiency over other gaming mice with exceptional accuracy and responsiveness thanks to 400 IPS precision and up to 12000 DPI sensitivity
 LIGHTSPEED Wireless: Ultra-fast LIGHTSPEED Wireless technology gives you a lag-free gaming experience. The G305 wireless gaming mouse delivers incredible responsiveness and reliability with a super-fast 1ms report rate for competition-level performance
 Ultra-Long Battery Life: The G305 wireless Logitech mouse boasts an incredible 250 hours of continuous gameplay on a single AA battery so you can play at peak performance without worrying about running out of power
 Lightweight design: Thanks to an efficient mechanical design, the G305 gaming mouse weighs in at only 99 grams for high manoeuvrability
 Portable Convenience: The durable, compact design with built-in USB receiver storage makes the G305 means you can take it with you."
https://www.newegg.com/asrock-rack-ec266d2i-supports-intel-xeon-e-2400-series-and-intel-pentium-gold-g7400-g7400t-processors/p/N82E16813140140,ASRock Rack Server Motherboard EC266D2I Mini-ITX 2x 1GLan Single Socket V1 (LGA 1700) Intel Xeon E-2400 series,329.00,1,Newegg,"Mini-ITX (6.7"" x 6.7"")
 Support Intel Xeon E-2400 series and Intel® Pentium® Gold G7400/G7400T processors
 Support 2 DIMM slots (1DPC), DDR5 ECC UDIMM
 Support 1 PCIe5.0 x16
 Support 1 OCuLink (PCIe4.0 x4 or SATA 6Gb/s)
 Support 1 OCuLink (PCIe3.0 x4 or SATA 6Gb/s)
 Support 1 M.2 (PCIe4.0 x4)
 Support up to 8 SATA 6Gb/s
 Support 2 RJ45 (1GbE) by Intel® i210
 Remote Management (IPMI)"
https://www.newegg.com/trendnet-tpe-119gi-poe-injector/p/N82E16833980132,"TRENDnet Gigabit PoE++ Injector, Convert A Non-PoE Port To A PoE++ Gigabit Port, PoE (15.4W), PoE+ (30W), Or PoE++ (95W), Up to 100m (328 ft), Integrated Power Supply, Black, TPE-119GI",54.99,,Tech Provisions,"Converts a non-PoE port to a PoE++ Gigabit port
 Supplies PoE (15.4W), PoE+ (30W), or PoE++ (95W)
 Integrated power supply
 Network a PoE device up to 100m (328 ft.) away
 Save on installation and equipment costs
 IEEE 802.3af/at/bt compliant"
https://www.newegg.com/asus-tuf-gaming-tuf-rtx5070-o12g-gaming-nvidia-geforce-rtx-5070-12gb-gddr7/p/N82E16814126758,ASUS TUF Gaming GeForce RTX 5070 OC 12GB 192-Bit GDDR7 PCI Express 5.0 DLSS 4.0 Graphics Card TUF-RTX5070-O12G-GAMING,739.99,4.4,Newegg,"12GB 192-Bit GDDR7 
 2 x HDMI 2.1b 3 x DisplayPort 2.1b 
 6144 Cores CUDA Cores 
 PCI Express 5.0 x16"
https://www.newegg.com/black-kyocera-dr400-imaging-drums-and-photoconductors/p/N82E16817102611,Brother DR400 Drum Unit,196.49,4,Newegg,"Drum Unit Only, Toner not included
 Mode #: DR-400
 Single Pack
 Approx page yield per cartridge: 20,000
 Compatible with: DCP-1200, DCP-1400, HL-1230, HL-1240, HL-1250, HL-1270N, HL-1435, HL-1440, HL-1450, HL-1470N, IntelliFax-4100, IntelliFax-4100e, IntelliFax-4750, IntelliFax-4750e, IntelliFax-5750, IntelliFax-5750e, MFC-8300, MFC-8500, MFC-8600, M"
https://www.newegg.com/asus-rt-be92u-ieee-802-11a-ieee-802-11b-ieee-802-11g-wifi-4-wifi-5-wifi-6-wifi-6e-wifi-7-ipv4-ipv6/p/N82E16833320608,"ASUS BE9700 Tri-band WiFi 7 Router, supports new 320MHz bandwidth & 4096-QAM, Multi-link operation (MLO), AI WAN detection, AiMesh support, subscription-free network security, and comprehensive VPN features, Smart Home Master",249.99,,Newegg,"ASUS BE9700 Tri-band WiFi 7 Router, supports new 320MHz bandwidth & 4096-QAM, Multi-link operation (MLO), AI WAN detection, AiMesh support, subscription-free network security, and comprehensive VPN features, Smart Home Master"
https://www.newegg.com/amd-epyc-9175f-socket-sp5/p/N82E16819113871,AMD EPYC 5th Gen 9005 Series (Sixteen Core) 16 Core - Model 9175F AMD -  EPYC-  Processor - 320 TDP - Total Threads: 32 - Socket SP5 -  L3 Cache - 512MB Memory,2550.99,5,High Performance Tech,"The processor features Socket SP5 socket for installation on the PCB
 EPYC product line processor for better usability and increased efficiency
 512 MB of L3 cache memory offers great system performance and avoids interruptions while executing complex and critical tasks
 Hexadeca-core (16 Core) processor core allows multitasking with great reliability and fast processing speed
 Processor with 4.20 GHz clock speed for reliable and fast execution of instructions to ensure maximum convenience and feasibility"
https://www.newegg.com/startech-com-glclhsmdstta/p/N82E16833114197,StarTech.com GLCLHSMDSTTA Cisco GLC-LH-SMD Compatible SFP Module - 1000BASE-LX/LH Fiber Transceiver,49.99,,Newegg,"With 1000Base-LX/LH technology, enjoy up to 1000Mbps data transfer rate over optical fiber cable
 Lets you conveniently connect to the 1.25 gigabit ethernet Ethernet technology to offer maximum productivity
 Supports optical fiber cable for durable performance, minimal signal loss, and fast data transfers to greater distances
 With a single wavelength of light, the single mode fiber optic can carry data and transmit audio/video applications over miles of distance
 SFP (mini-GBIC) offers better usage with maximum efficiency and convenience
 SFP (mini-GBIC) with optical network application/usage for maximum productivity and usability
 Hot-pluggable form factor allows hassle-free and easy usage with increased efficiency"
https://www.newegg.com/black-startech-14-ft-consumer-electronics/p/N82E16812400700,StarTech.com C6ASPAT14BK 14 ft. Cat 6A Black Shielded Cat 6a Cables,18.99,5,Newegg,"14 ft Black CAT6a Ethernet cable w/ 100% copper delivers 10 gigabit network connection|Fluke tested to comply w/ ANSI/TIA-568-D Category 6 requirements
 Shielded pairs protect against crosstalk noise and electromagnetic interference
 26 AWG stranded copper conductors|Up to 100W for PoE applications|Built w/ ETL and UL verified wire (E132276-A)
 50-micron gold-plated RJ45 connectors provide clear signals stop rust/corrosion
 Snagless connector patch cord easily pulls through wiring conduit"
https://www.newegg.com/p/14G-000G-00089,6 Port SATA III to PCIe 3.0 x1 NON-RAID Expansion Card,59.99,1.7,Newegg,"Supports 6-port 6Gb/s SATA III interface,Supports Port Multiplier,Supports Hot-Plug,Supports drive power control and staggered spin-up.Supports SATA Partial / Slumber power management state. Compliant with Serial ATA AHCI (advanced host controller interface) Specification Rev 1. 0, supports SATA 3. 0 transfer rate up to 6Gbps. Maximum sequencing read/ write speed 850 MB/s. Micron JMB582 Chipset, Port Multiplier FIS-based and Command-based switching supported. Hot plug and Hot swap SATA ports. Support Gen 1i, Gen 1x, Gen 2i, Gen 2m, Gen 2x, and Gen 3i. Compatible with Windows XP/7/8/10/Mac/NAS/Linux OS. No driver installation is required. Support install Windows OS from Win10 PE."
https://www.newegg.com/nzxt-rl-kr240-w1-kraken-275-intel-socket-lga-1700-1200-115x-amd-socket-am5-am4-strx4-tr4-white/p/N82E16835146121,NZXT Kraken RGB 240mm - RL-KR240-W1- AIO RGB CPU Liquid Cooler - LCD Display - 2 x F120RGB Core Fans Radiator Fans White LGA 1851 / AM5 Compatible,161.99,4.3,Newegg,"PERFORMANCE IN REAL TIME: Proudly display custom images and system specs in real time. The 1.54"" diameter LCD display screen provides a clean image.
 STAY COOL: Powerfully quiet F RGB Series Static Pressure fans provide cooling with superior heat dissipation capability. The 7th gen Asetek pump ensures your Kraken stays cool and quiet at 2800 RPM.
 SIMPLE INSTALL: Setup is made simple with a single breakout cable that takes the guesswork out of the installation process. The liquid tubes are protected with reinforced nylon-braided sleeves for added durability and worry-free handling.
 NZXT CAM-READY: Personalize screen content with custom images or performance info with user-friendly NZXT CAM software. Control fan and pump speeds and run at 0 RPM mode at low temperatures to eliminate fan noise."
https://www.newegg.com/creative-pebble-plus-wired-2-1/p/N82E16836116213,"Creative Pebble Plus 2.1 USB-Powered Desktop Speakers with Powerful Down-Firing Subwoofer and Far-Field Drivers, Up to 8W RMS Total Power for Computer PCs and Laptops (Black)",54.99,4.4,Newegg,"POWERFUL DOWN-FIRING SUBWOOFER | The Creative Pebble Plus features a newly designed standalone 4” down-firing ported subwoofer for remarkable power and depth, providing a significant audio performance upgrade over its predecessor
 45° ELEVATED DRIVERS | Featuring 2” mid-range drivers that are elevated at 45°, the Pebble Plus speakers are specifically angled towards you, providing the best soundstage while ensuring that you are the centre of attention
 HIGH GAIN MODE | Bring out the most of the Creative Pebble Plus! With a simple switch of a button, access the High Gain Mode to increase the power output to 8W RMS with a 5V 2A USB adapter (not included) for stronger bass performance and room-filling audio — at no loss to audio quality
 EASY ACCESS VOLUME CONTROLS | The volume controls are conveniently located at the front of the speakers for easy and hassle-free access"
https://www.newegg.com/msi-roamii-mesh-wifi-system/p/N82E16833158041,"MSI Roamii BE Lite Mesh System - 2 Pack (WiFi 7, BE 5000, Up to 5,800 sq.ft. of Coverage, Supporting 120+ Devices, 2.5Gbps Ethernet Port, MU-MIMO MLO)",229.99,5,Newegg,"WiFi 7 - The latest WiFi standard featuring ML, 4K-QAM and MU-MIMO
 Dual-band 5Gbps - 4323 Mbps at 5GHz and 688 Mbps at 2.4GHz
 Roamii whole home WiFi - Build a unified home network with up to 5,800 sq ft of coverage, supporting 120+ devices
 MLO - Provides multiple band streams to a single device, boosting throughput and reducing latency for a faster and more reliable connection
 2.5Gbps Ethernet port - One 2.5Gbps Ethernet port and two 1Gbps Ethernet ports
 Wall-mounting kit included - Place Roamii on desktop or mount it on wall as you desire"
https://www.newegg.com/corsair-sf-series-cp-9020257-na-1000-w-80-plus-platinum-certified/p/N82E16817139332,"Corsair SF Series (2024) SF1000, 80 PLUS Platinum, Fully Modular SFX Power Supply, CP-9020257-NA",139.00,4.5,Newegg,"80 PLUS Platinum rated SFX power
 ATX 3.1 Compliant & PCIe 5.1 ready
 Fully modular, Type-5 Micro-Fit PSU connectors
 92mm PWM cooling fan
 105°C Rated Japanese capacitors
 Zero RPM Mode
 50°C Continuous operating temperature
 SFX-to-ATX bracket
 Seven-year warranty"
https://www.newegg.com/rosewill-rgbf-23001-case-fan-120-mm-18-rgb-led-led/p/N82E16835200140,"Rosewill RGBF-23001 120mm Dual Ring Addressable RGB Case Fan Hub Set, True RGB LED Case Fans (5-Pack) and 8-Port Fan Hub, Ultra Quiet Cooling with Long Life Rifle Bearings",39.99,4,Newegg,"True RGB: Light up your battlestation with 16.8 million colors of nearly unlimited customization Software Controllable: Certified compatible motherboard RGB synchronization with ASUS Aura Sync, MSI Mystic Light Sync and GIGABYTE RGB Fusion Ready Add More: Connect RGB fan hub with up to 8 compatible fans (controlled by addressable 5V RGB motherboard headers only) and 2 LED light strips; must use with included fans or Rosewill RGBF-S12002 (1-pack) 120mm fans RGB Remote Controller: Includes 20-key remote control for instantly adjusting LED backlight effects, colors, brightness and fan speed Stylish Dual Rings: Upgrade the look of your gaming PC with vibrant RGB LED dual ring fans that quietly cool and optimize airflow via low noise and increased lifespan rifle bearings"
https://www.newegg.com/tp-link-tg-3468/p/N82E16833704060,"TP-Link 10/100/1000Mbps Gigabit Ethernet PCI Express, PCIE Network Adapter / Network Card / Ethernet Card for PC, Win10 supported (TG-3468)",14.89,4.6,IEmall,"Ultra-Fast: 10/100/1000Mbps PCIe Adapter upgrade your Ethernet speed to Gigabit
 Automation: Wake-on-LAN supporting Auto-Negotiation and Auto MDI/MDIX
 Supports: IEEE802.3x Flow Control for Full-duplex Mode and backpressure for Half-duplex Mode; 4k Bytes Port: 1x 10/100/1000Mbps RJ45 Network Media
 System Requirements : Windows 7 (32/64 bits) , Windows Vista (32/64 bits), Window XP ( 32/64 bits)
 Dual Bracket: Low profile and standard profile bracket inside works with both mini and standard size PCs.
 Industry Leading Support: 2-year warranty and free 24/7 technical support
 From Reliable Brand: TP-Link has been ranked as the World’s No. 1 provider of WLAN products for the past consecutive 7 years by IDC. In 2017."
https://www.newegg.com/amd-epyc-9634-socket-sp5/p/N82E16819113823,AMD EPYC 9004 (4th Gen) 9634 Tetraoctaconta-core (84 Core) 2.25 GHz Processor - 384 MB L3 Cache - 84 MB L2 Cache - 64-bit Processing - 3.70 GHz Overclocking Speed - Socket SP5 No Graphics - OEM,7399.99,,Newegg,"Processor provides dependable and fast execution of tasks with maximum efficiency
 EPYC product line processor for better reliability and ensure maximum productivity
 EPYC product line processor for your convenience and optimal usage
 84 MB L2 + 384 MB L3 cache memory offers great system performance and avoids interruptions while executing complex and critical tasks
 84 MB L2 + 384 MB L3 cache memory provides excellent hit rate in short access time enabling improved system performance
 384 MB of L3 cache memory offers great system performance and avoids interruptions while executing complex and critical tasks
 Tetraoctaconta-core (84 Core) processor core efficiently handles data to ensure quicker transfer of information with maximum usability
 Tetraoctaconta-core (84 Core) processor core allows multitasking with great reliability and fast processing speed"
https://www.newegg.com/thermaltake-cl-p075-al12bl-a/p/N82E16835106666,"Thermaltake TOUGHAIR 510 180W TDP CPU Cooler, Intel/AMD Universal Socket (LGA 1200/1700), Dual 120mm 2000RPM High Static Pressure PWM Fan with High Performance Copper Heat Pipes LGA 1700 Ready",59.99,4,Newegg,"TOUGHAIR 510 is a single tower duel fan designed air cooler with 4 heat pipes running through the fins, the U-shape heat pipes increase heat circulation creating better heat dissipation in your system and supports up
 TOUGHAIR series utilizes high static pressure fans, which leverages the TOUGHFAN 12 design and boosts the fan speed to 2000 RPM, providing a new level of cooling performance to our CPU cooler.
 4 x Ø6 mm heat pipes directly touch the CPU and thermal paste, providing direct and outstanding heat dissipation to the CPU.
 Asymmetric Fin Structure
 LGA 1700 Ready"
https://www.newegg.com/gigabyte-ms73-hb1-4th-gen-intel-xeon-scalable-5th-gen-intel-xeon-scalable/p/296-0006-00072,GIGABYTE MS73-HB1 Server Motherboard Socket E LGA 4677 4th Gen. Intel® Xeon® Scalable DP Motherboard,963.99,,Newegg,"4th Gen. Intel® Xeon® Scalable Processors Intel® Xeon® CPU Max Series Dual processor, LGA 4677 8-Channel RDIMM DDR5 per processor, 16 x DIMMs Supports Intel® Optane Persistent Memory 300 series Intel® C741 Chipset 2 x 1Gb/s LAN ports (Intel® I210-AT) 1 x Dedicated management port 3 x SlimSAS with 12 x SATA 6Gb/s ports 2 x 7-pin SATA DOM 6Gb/s ports 2 x M.2 slots with PCIe Gen4 x4 interface 6 x PCIe Gen5 x16 expansion slots"
https://www.newegg.com/hpe-jw054a-tools-and-hardware/p/N82E16833998238,HPE JW054A AP-270-MNT-H1 AP-270 Series Outdoor AP Hanging or Tilt Install Mount Kit,114.75,,Newegg,"JW054A 
 Tools and Hardware"
https://www.newegg.com/athena-power-p1u-5520k-520w/p/N82E16817338122,Athena Power Zippy P1U-5520K 520W 1U Single IPC/Server Power Supply - 80Plus Platinum - OEM,418.00,,Newegg,"520W Single 
 ATX Connector 24 (20+4) Pin x 1
 P4-12V 4Pin x 1
 EPS 12V 8Pin x 1
 SATA 15Pin x 2
 Molex 4Pin x 4
 Floppy 4Pin x 2
 PMBus 5Pin x 1"
https://www.newegg.com/amd-epyc-9655p-socket-sp5/p/N82E16819113872,AMD EPYC 5th Gen 9005 Series (Ninety-Six-Core) 96 Core - Model 9655P AMD - EPYC - Processor / Clock Speed: 2.6 - Total Threads: 192 - Socket SP5 - L3 Cache - 384MB Memory,6234.00,5,High Performance Tech,"The processor features Socket SP5 socket for installation on the PCB
 EPYC product line processor for better usability and increased efficiency
 384 MB of L3 cache memory provides excellent hit rate in short access time enabling improved system performance
 Hexanonaconta-core (96 Core) processor core efficiently handles data to ensure quicker transfer of information with maximum usability
 Processor with 2.60 GHz clock speed for quick and dependable processing of data to ensure maximum productivity"
https://www.newegg.com/asrock-rack-spc741d8ud-2t-x550-4th-gen-intel-xeon-scalable-5th-gen-intel-xeon-scalable/p/N82E16813140120,ASRock Rack SPC741D8UD-2T/X550 Deep Micro-ATX Server Motherboard Single Socket 4th Gen Intel® Xeon® Scalable Processors (LGA 4677) C741 4 PCIe gen5 Dual 10G Lan,674.00,,Newegg,"Deep Micro-ATX (10.4"" x 10.5"")
 Support 4th Gen Intel® Xeon® Scalable Processors  (LGA4677)
 Support 8 DIMM slots (1DPC), DDR5 RDIMM/ RDIMM-3DS
 Support 4 PCIe5.0 / CXL1.1 x16
 Support 2 MCIO (PCIE5.0 x8)
 Support 1 M.2 (PCIe3.0 x4 or SATA 6Gb/s)
 Support up to 9 SATA 6Gb/s
 Support 2 RJ45 (10GbE) by Intel X550-AT2
 Support ATX PSU or 12V DC-in
 Remote management (IPMI)"
https://www.newegg.com/black-istarusa-d-260hn/p/N82E16811165610,"iStarUSA D-260HN Black Aluminum 2U Rackmount Compact 6x 3.5"" Bay Trayless Hotswap microATX Chassis",368.99,,Newegg,"3.5"": 6 Hot-Swap Drive Bays 
 1 80mm Fans"
https://www.newegg.com/asrock-rack-genoad8x-2t-bcm/p/N82E16813140127,ASRock Rack GENOAD8X-2T/BCM Motherboard,999.00,,Newegg,"EEB (12.63"" x 13"")
 Single Socket SP5 (LGA 6096), supports AMD EPYC™ 9005*/9004 (with AMD 3D V-Cache™ Technology) and 97x4 series processors
 8 DIMM slots (1DPC), supports DDR5 RDIMM, RDIMM-3DS
 4 PCIe5.0 / CXL2.0 x16*, 3 PCIe5.0 x16, 1 PCIe5.0 x8**
 2 MCIO** (PCIe5.0 x4 or 4 SATA 6Gb/s), 1 MCIO (PCIe5.0 x4 or 4 SATA 6Gb/s), 1 MCIO* (PCIe5.0 x4)
 Supports 1 M.2 (PCIe5.0 x4 or SATA 6Gb/s), 1 M.2* (PCIe5.0 x4)
 Up to 16 SATA 6Gb/s
 2 RJ45 (10GbE) by Broadcom BCM57416
 Remote Management (IPMI)"
https://www.newegg.com/rosewill-cmg1200g5-1200-w-80-plus-gold-certified/p/N82E16817182454,"Rosewill CMG5 1200W, ATX 3.0 & 3.1 Compatible, 80+ Gold Full Modular Power Supply, PCIe 5.0 600W 12V-2x6 Connector, Japanese Capacitor, 120mm FDB Fans - CMG1200G5",129.99,4.1,Newegg,"Intel ATX 3.0 & 3.1 Ready
 Fully Modular 80 PLUS® Gold Certified
 Native 600W PCIe 5.0 / Gen 5 12+4 Pin 12V-2x6 Cable
 Up to 235% Power Excursion & 300% GPU Power Excursion"
https://www.newegg.com/zotac-gaming-zt-a30510g-10l-nvidia-geforce-rtx-3050-6gb-gddr6/p/N82E16814500586,"ZOTAC GAMING GeForce RTX 3050 6GB GDDR6 Solo 96-bit 14 Gbps PCIE 4.0 Super Compact Gaming Graphics Card, ZT-A30510G-10L",199.99,3.9,Newegg,"NVIDIA Ampere architecture, 2nd Gen Ray Tracing Cores, 3rd Gen Tensor Cores
 6GB 96-bit GDDR6, 14 Gbps, PCIE 4.0 x8
 Super compact design. Dual-slot. PCIe Bus Powered. Fits in 99% of available PC cases
 8K Ready, 4 Display Ready, HDCP 2.3
 3 x DisplayPort 1.4a, 1 x HDMI 2.1, DirectX 12 Ultimate, Vulkan RT API, OpenGL 4.6
 Boost Clock 1470 MHz"
https://www.newegg.com/black-istarusa-s-917/p/N82E16811165597,"iStarUSA S-917 Black Aluminum / Steel Tower Compact Stylish mini-ITX Tower 7 External 5.25"" Drive Bays",199.00,3.5,Newegg,"7 External 5.25"" Drive Bays 
 1 120mm Fans"
https://www.newegg.com/ubiquiti-networks-usw-flex/p/0XP-000A-00316,Ubiquity Flex USW-Flex (46W),115.75,4,IPC Store,"Flexible 5-port, Layer 2 PoE switch for indoor and outdoor use, that can be powered with PoE++.
 (4) GbE PoE+ ports
 (1) GbE PoE++ input port for power
 — 46W PoE availability* PoE++ input
 — 20W PoE availability PoE+ input
 — 8W PoE availability PoE input
 Indoor/Outdoor
 *When powered with a PoE++ switch or a 60W PoE adapter (sold separately)."
https://www.newegg.com/intel-xeon-e-2374g-lga-1200/p/N82E16819118406,Intel Xeon E  E-2374G Quad-core (4 Core) Rocket Lake 3.7 GHz 8MB L3 Cache LGA 1200 80W BX80708E2374G Server Processor - Retail Box,389.99,,Newegg,"Total Cores: 4
 Total Threads: 8
 Max Turbo Frequency: 5.00 Ghz
 Base Frequency: 3.70 Ghz
 Cache: 8 Mb INTEL Smart Cache
 Bus Speed: 8 Gt/s
 Tdp (thermal Design Power): 80 W"
https://www.newegg.com/black-startech-com-16-40-ft-see-details/p/N82E16812400672,StarTech.com 5m 15 ft Active USB 3.0 USB-A to USB-B Cable - M/M - USB A to B Cable - USB 3.1 Gen 1 (5 Gbps),95.56,,NothingButSavings,"Connect USB 3.0 devices up to 5m away with no signal loss
 15' USB 3.0 A to B Cable
 5m USB 3.0 Cable M/M
 15 ft Active USB 3.0 USB-A to USB-B Cable
 USB A to B Cable
 USB 3.1 Gen 1 (5 Gbps)
 Designed to exceed standard USB 3.0 cable lengths
 Connect a USB Type-B device (hard drive enclosure or docking station or video capture device or etc.) to a USB 3.0 capable desktop or laptop or server beyond the 3-meter limit of standard cables"
https://www.newegg.com/startech-com-j4858cst/p/N82E16833114174,StarTech.com HPE J4858C Compatible SFP Module - 1000BASE-SX - 1GE Gigabit Ethernet SFP 1GbE Multi Mode (MMF) Fiber Optic Transceiver 550m,47.99,,Newegg,"100% HPE J4858C COMPATIBLE: Works with HPE switches like 1400, 1700, 1820, 2520, 2530 and others
 TECHNICAL SPECS: 1000BASE-SX | 1Gbps | Multi Mode (MMF) | LC Connector | 850nm | Digital Diagnostic Monitoring (DDM) | Distances up to 550m (1804ft)
 TESTED FOR OEM HOST COMPATIBILITY: Hot-swappable in HPE routers and switches; DDM support reports the transceiver's status to most SNMP network management tools
 LIFETIME WARRANTY: Backed by a lifetime warranty on the life of the module itself - not the life of your switch. Our modules won't void your OEM warranty and supported by our Tech Advisors 5/24
 WORKS WITH MSA COMPLIANT SWITCHES: Also works with switch models from Ubiquiti, D-Link, Netgear, Supermicro, TP-Link and more that accept uncoded modules"
https://www.newegg.com/msi-pro-mt81d-mount-matte-black/p/N82E16824960024,"MSI PRO MT81D - Premium Aluminum Dual Monitor Stand Arms, Supports 17-32"" & 17.6 lbs per Screen, VESA Compatible, Adjustable Desk Mount, Clamp & Grommet Base, Quick Release Plate - Black",79.99,5,Newegg,"Enhance Your Home Setup with the MSI PRO MT81D Premium Aluminum Dual Monitor Stand Arms.
 Upgrade your home office or entertainment space with our premium dual monitor stand arms. 
 Crafted from durable aluminum, these arms support monitors sized 17-32 inches and up to 17.6 lbs per screen, ensuring stability and versatility. 
 With VESA compatibility and featuring an adjustable desk mount, installation is a breeze, offering both clamp and grommet base options. 
 Plus, enjoy the added peace of mind with our comprehensive 3-year coverage. Elevate your home setup today with the sleek black design of the MSI PRO MT81D."""
https://www.newegg.com/msi-mag-coreliquid-e240-black-277mm-lga-1700-am5/p/N82E16835846048,"MSI MAG CoreLiquid E240 Black - AIO ARGB CPU Liquid Cooler - Rotating Cap Design - 240mm Radiator - Dual 120mm ARGB PWM Fans - LGA 1851,1700 Ready / AM5 Compatible",109.99,4.4,Newegg,"The enlarged copper base surface area helps to achieve ultimate heat exchange with the latest CPU generation
 Maximize micro channels to dissipate heat efficiently
 Rotatable water block cap for 270 degree.
 ARGB fan can change the lighting by MSI center.
 Enhanced fan performance to dissipate heat quickly.
 Pump is separating the rooms of cool water and hot water to avoid mixing water temperatures and effectively reduce the heat source.
 Durable three phase motor of the pump generates minimal vibrations for long lasting operation.
 Spilt pathway through the radiator rapidly dissipates heat."
https://www.newegg.com/lg-27gx790a-b-aus-27-qhd-480-hz-ultragear-oled-black/p/N82E16824026450,"LG UltraGear 27"" 480 Hz OLED QHD Gaming Monitor 0.03ms FreeSync Premium & G-Sync Compatible 2560 x 1440 (2K) DCI-P3 98.5%",999.99,4.2,Newegg,"27"" QHD (2560 x 1440) OLED Display
 480Hz refresh rate & 0.03ms (GtG) response time
 DisplayPort 2.1
 NVIDIA G-SYNC compatibility
 AMD FreeSync Premium Pro
 VESA DisplayHDR True Black400 and 1.5M:1 contrast ratio"
https://www.newegg.com/msi-mpg-mt201dr-mount-iron-grey/p/N82E16824960026,"MSI MPG MT201DR - Premium RGB Dual Monitor Stand Arms, 17-35"" Support, VESA Compatible, Adjustable Heavy Duty Gas Spring Mount, 44 lbs per Screen Capacity, Clamp & Grommet, Quick Release Plate - Gray",229.99,4.8,Newegg,"Elevate Your Workspace with the MSI MPG MT201DR Premium RGB Dual Monitor Stand Arms.
 Experience the ultimate in ergonomic comfort and productivity with our fully adjustable heavy-duty gas spring mount. 
 Perfect for monitors sized 17-35 inches, each arm boasts a capacity of 44 lbs per screen, ensuring stability and versatility. 
 Compatible with VESA mounting standards (100x100 and 75x75), installation is a breeze with the quick-release plate.
 Enhance your setup with sleek gray aesthetics. Plus, enjoy peace of mind with our 3-year coverage."
https://www.newegg.com/hp-j3263a/p/N82E16828999713,HP J3263A JetDirect 300X ENET External 10/100 Single Port RJ45 RJ45 LPT,150.00,,"E.O.L. Tech Inc,.","RJ45 
 LPT 
 10/100Mbps"
https://www.newegg.com/startech-com-poeinj1g90w-poe-injector/p/N82E16833996456,"StarTech.com Industrial Gigabit PoE Injector, POEINJ1G90W",215.99,,Newegg,"WIDE STANDARD COMPATIBILITY: High speed Industrial Gigabit PoE Injector compatible with IEEE 802.3bt (PoE++) and previous 90W proprietary POE standards including Cisco uPoE, Bosch & AXIS
 90W POWER BUDGET: Provides up to 90W of auto-negotiated power output for Type 3 and Type 4 PoE/Ultra/UPoE applications like tilt and pan cameras and high power IEEE 802.11ax wireless access points
 TECH SPECS: 1 Gbps; 52V-56VDC Power Input; IEEE 802.3af, IEEE 802.3at, IEEE 802.3bt 90W max, uPoE, 10/100/1000 Mbps Auto Negotiation, DIN/Wall Mountable, Redundant Power Input
 ROBUST DESIGN: Industrial Power over Ethernet Injector w/MTBF of 500,000+hrs @ 50C; Vibration, shock & free fall rated; Rugged IP-30 aluminum housing; Hardened operating temp of -40C to 75C
 THE IT PRO'S CHOICE: Designed and built for IT Professionals, this TAA compliant PoE Injector is backed for 2-years, including free lifetime 24/5 multi-lingual technical assistance"
https://www.newegg.com/msi-rtx-3050-gaming-x-6g-nvidia-geforce-rtx-3050-6gb-gddr6/p/N82E16814137877,MSI Gaming GeForce RTX 3050 6GB GDDR6 PCI Express 4.0 x8 ATX Graphics Card RTX 3050 GAMING X 6G,199.99,5,Newegg,"6GB 96-Bit GDDR6 
 Boost Clock 1507 MHz 
 2 x HDMI 2.1 1 x DisplayPort 1.4a 
 2304 Cores CUDA Cores 
 PCI Express 4.0 x8"
https://www.newegg.com/corsair-darkstar-wireless-rgb-ch-931a011-na-usb-bluetooth-2-4ghz-wired/p/N82E16826816206,"Corsair DARKSTAR RGB Wireless Gaming Mouse for MMO, MOBA - 26,000 DPI - 15 Programmable Buttons - Up to 80hrs Battery - iCUE Compatible - Black",149.99,3.3,Newegg,"Six-Button Side Cluster and Strain-Reducing Design: The six-button side cluster is configured in a unique, easy-toreach layout, with an ideally placed textured thumb grip so you can play longer while reducing hand strain
 15 Fully Programmable Buttons: An array of programmable buttons, including scroll wheel tilt, ensure all your crucial shots and spells, commands, and abilities are just a click away
 Hyper-Fast Wireless: Transmit every click in time via sub-1ms SLIPSTREAM WIRELESS or Bluetooth , with 2,000Hz hyper-polling
 Customize your Play with iCUE: Powerful CORSAIR iCUE software enables dynamic seven-zone RGB lighting customiZation, DPI adjustments, button remapping, and more, all saved on up to five onboard profiles so you can take your custom mouse settings with you anywhere
 CORSAIR MARKSMAN 26K DPI Optical Sensor: An astonishing native 26,000 DPI, 650 IPS, 50G CORSAIR MARKSMAN optical sensor captures even the most microscopic mouse movements, customisable in single DPI steps"
https://www.newegg.com/black-trendnet-tc-p24c6-office-products/p/N82E16831101005,"TRENDnet 24-Port Cat6 Unshielded Rackmount Patch Panel, TC-P24C6",54.01,4.9,TELeasy,"Panel RJ45 Gigabit ready rack mount 24-port panel Cat6 patch panels deliver a steady 250 Mhz connection to copper Gigabit switches Ideal for Ethernet, Fast Ethernet and Copper Gigabit Ethernet (100"
https://www.newegg.com/msi-mpg-321urx-qd-oled-32-uhd-240-hz/p/N82E16824475357,"MSI MPG 321URX QD-OLED 32"" 16:9, QD-OLED Gaming Monitor, 240Hz 0.03ms, 3840 x 2160 (UHD), Height Adjustable Arm, RGB, AI ENGINE",949.99,4.7,Newegg,"Next-Gen QD-OLED Panel - With stunning image quality and fast response time.
 Fastest 0.03ms GtG response time and 240Hz refresh rate.
 QD Premium Color - Ensures the color meets the market standard - Delta E<=2.
 Incredible HDR visual - VESA DisplayHDR True Black 400.
 Gaming Intelligence App - Create the perfect viewing settings for your games.
 MSI OLED Care 2.0 - Reduced the risk of OLED image sticking / burn-in.
 KVM - Control multiple devices via one set of keyboard, mouse, and monitor.
 Mystic Light - The ultimate gaming finish.
 Console Mode - Provide HDMI 2.1 with a full 48 Gbps bandwidth.
 Adjustable Stand - Easily change the position of the monitor for maximum ergonomics.
 3-Year Burn-In Warranty - Including coverage for OLED burn in."
https://www.newegg.com/p/330-0006-00037,"Brother QL-800 2.4"" High-speed, Professional Direct Thermal Label Printer, USB, Auto Cutter - White/Black",119.01,4,BeachAudio,"Print amazing Black/Red labels using DK-2251
 Create cost-effective paper labels for packages, envelopes, file folders, name badges, postage and more
 Convenient, drop-in rolls. No ink or toner needed
 Prints Brother genuine DK pre-sized, easy-peel labels and continuous-length paper and film tapes. Auto cutter enables banners and signs up to 3 ft. long
 High-resolution printing (up to 300 x 600 dpi), for crisp text and graphics"
https://www.newegg.com/rosewill-rms-e51-monitor-arms-black/p/N82E16824992233,"Rosewill Single Monitor Mount, Adjustable Monitor Arm Desk Mount Fits 15-32 inch Screen, Holds 19.8lb, Gas Spring Monitor Stand, Full Motion Swivel Monitor Arm with Vesa Mount",39.99,4,Newegg,"Wide Compatibility Single Monitor Arm: Fits 15-32 inch computer screens, holds 4.4-19.8 lbs. The single monitor arm desk mount is suitable for VESA pattern 75x75 or 100x100mm.
 Fully Adjustable Single Monitor Stand : The single monitor mount offers tilt range from -90°to +85°, ±90 ° swivel, 360° rotation. Compared with other adjustment methods that make you adjust screws repeatedly.
 Safer and Sturdier: Rosewill monitor mount focus on improving the strength and stability all the time.
 Free Up Your Desk Space: Designed with integrated cable management, this single monitor stand will save more than 80% desktop space compared to a monitor holder with heavy-duty base.
 Easy Installation: Comes with all the necessary hardware and detailed instruction,  C-clamp mounting with desk thickness 0.39?–2.95? or choose grommet mounting with desk thickness 0.39?–2.95?(the hole diameter is 0.39?–2.16?)."
https://www.newegg.com/startech-com-sfp10glrst/p/N82E16833114160,StarTech.com Cisco SFP-10G-LR Comp. SFP+ Module - 10GBASE-LR - 10GE Gigabit Ethernet SFP+ 10GbE Single Mode Fiber SMF Optic Transceiver,270.99,,Newegg,"100% CISCO SFP-10G-LR COMPATIBLE: Works with Cisco switches like Firepower, ASR9000, C9300, C3850, C9500 and others
 TECHNICAL SPECS: 10GBASE-LR | 10 Gbps | Single Mode (SMF) | LC Connector | 1310nm | Digital Diagnostic Monitoring (DDM) | Distances up to 10km (6.2mi)
 TESTED FOR OEM HOST COMPATIBILITY: Hot-swappable in Cisco routers and switches; DDM support reports the transceiver's status to most SNMP network management tools
 OUTSTANDING SUPPORT: Backed by StarTech.com for the life of the module itself, not your equipment; our modules won't void your OEM support and with access to our Tech Advisors 5/24
 WORKS WITH MSA COMPLIANT SWITCHES: Also works with switch models from Ubiquiti, D-Link, Netgear, Supermicro, TP-Link and more that accept uncoded modules"
https://www.newegg.com/creative-51mf1700aa001-black/p/N82E16855102096,Creative Pebble V3 2.0 Bluetooth Speaker System - 8 W RMS - Black - Desktop - 100 Hz to 17 kHz - USB,44.99,5,Newegg,"Significantly enhance the sound from your PC with Creative 2.0 Speaker System
 2.0 speakers pass on 8 W of RMS power and rich, clear stereo for incredible acoustics and sound
 Route your music to your tablet, iPad, smartphone or PC with these Bluetooth compatible Speaker System
 Connect your devices via the USB port and play your tunes directly"
https://www.newegg.com/wd-black-d10-12tb-usb-3-2-gen-1/p/N82E16822234382,WD Black 12TB D10 Game Drive Desktop External Hard Drive for Xbox USB 3.2 (WDBA5E0120HBK-NESN),,4.7,Newegg,"12TB so you can save and build your Xbox gaming collection up to 300 games.
 1-Month membership of Xbox Game Pass Ultimate included with purchase.
 7200 RPM drive with active cooling technology and speeds up to 250 MB/s. 
 Two 7.5W USB Type-A charging ports to charge your gaming gear and accessories.
 Purpose-built for gamers based on WD_BLACK quality and reliability."
https://www.newegg.com/rosewill-rsv-z2900u-silver/p/N82E16811147345,"Rosewill 2U Server Chassis Rackmount Case, 4x 3.5"" Bays, 2x 2.5"" Devices, E-ATX Compatible, 3x 80mm PWM Fans, 2x USB 3.0 - RSV-Z2900U",129.99,3.6,Newegg,"Roomy Chassis: This 2U server case has 4 internal 3.5"" HDD bays plus 2 additional 2.5"" devices.
 Expandable & E-ATX Compatible: 7 PCI expansion slots and E-ATX (12 x 13in) compatibility gives you options for expansion. 
 Quiet Cooling: 3 pre-installed 80mm PWM cooling fans at center provide excellent airflow and heat protection at reduced noise. 
 Desired Features: Front panel LED indicators for power, HDD, and LAN status monitoring allow quick, easy visual assessment. Additional utility with 2 USB 3.0 port.
 Expansion Length: Low profile 150mm & Maximum Height: 69mm"
https://www.newegg.com/tyan-s8050gm2ne-amd-epyc-9000-series/p/N82E16813151350,Tyan Tomcat HX S8050 AMD EPYC 9004 DDR5 S8050GM2NE 1S Compact Server CEB Motherboard,497.32,5,Newegg,"1S AMD EPYC Genoa / Bergamo / Genoa X CPU
 CEB Form Factor
 8 DIMM slots w/ DDR5 4800 memory support
 Up to 12 SATA ports
 5 PCIe 5.0 x16 slots
 2 MCIO 8x & 2 MCIO 4x conn. (NVMe)
 2 NVMe M.2 22110 / 2280 slots
 2 1000Base-T LAN + 1 dedicate 1000Base-T IPMI ports
 AST2600 BMC with IPMI 2.0 & Redfish support"
https://www.newegg.com/p/1B0-002P-00102,Hewlett packard  JetDirect EX Plus External Print Server J2591A,151.19,,"E.O.L. Tech Inc,.",Hewlett packard  JetDirect EX Plus External Print Server J2591A
https://www.newegg.com/black-hp-85a/p/N82E16828115659,HP 85A LaserJet Toner Cartridge - Black,90.99,4.6,Newegg,"Black
 Model #: CE285A
 Single Pack
 Approx page yield per cartridge: 1600
 Compatible with: HP LaserJet P1102, M1132, M1212, M1214, M1217 Series"
https://www.newegg.com/amd-epyc-7453-socket-sp3/p/N82E16819113708,AMD EPYC 7003 (3rd Gen) 7453 Octacosa-core (28 Core) 2.75 GHz Processor - 64 MB L3 Cache - 3.45 GHz Overclocking Speed - Socket SP3 - 225 W - 56 Threads - 100-000000319 - OEM,1543.99,,Newegg,"The Socket SP3 socket allows processor to be placed on the PCB without soldering
 The processor features Socket SP3 socket for installation on the PCB
 EPYC product line processor for better reliability and ensure maximum productivity
 EPYC product line processor for your convenience and optimal usage
 EPYC product line processor for better usability and increased efficiency
 64 MB of L3 cache memory offers great system performance and avoids interruptions while executing complex and critical tasks
 64 MB of L3 cache memory provides excellent hit rate in short access time enabling improved system performance
 Octacosa-core (28 Core) processor core efficiently handles data to ensure quicker transfer of information with maximum usability
 Octacosa-core (28 Core) processor core helps processor process data in a dependable and timely manner with maximum productivity"
https://www.newegg.com/addon-network-upgrades-glc-sx-mm-rgd-ao/p/N82E16816516026,"AddOn Cisco GLC-SX-MM-RGD Compatible 1000Base-SX SFP Transceiver (MMF, 850nm, 550m, LC, DOM, Rugged)",50.99,5,Newegg,"Cisco GLC-SX-MM-RGD Compatible
 SFP form factor and 1-Gigabit speed for reliable connectivity
 LC connector for use with multi-mode fiber"
https://www.newegg.com/blue-c2g-29316-consumer-electronics/p/N82E16812196645,C2G/Cables To Go 29316 Cat6 RJ45 Keystone Jack - Blue,8.54,,Technology Galaxy,Provides a secure cable connection Includes 110-type IDC termination with strain relief caps 50 µinch gold plating on the jack contacts RoHS Compliant
https://www.newegg.com/noctua-nf-a14-pwm-case-fan/p/N82E16835608044,"Noctua NF-A14 PWM, Premium Quiet Fan, 4-Pin (140mm, Brown)",30.80,4.9,ZerKorr Power,"Premium quiet fan, 140x140x25 mm, 12V, 4-pin PWM, max. 1500 RPM, max. 24.6 dB(A), >150,000 h MTTF
 Award-winning 140x25mm A-series fan with Flow Acceleration Channels and Advanced Acoustic Optimisation frame for superior quiet cooling performance 
 Square frame design is ideal for water cooling radiators (AIO or DIY), PC cases and other chassis (intake & exhaust), cabinet ventilation, etc.
 4-pin PWM version for automatic speed control via 4-pin PWM fan headers, broad 300-1500rpm speed range (1200rpm max. with supplied Low-Noise Adaptor)
 Includes anti-vibration mounts, fan screws, Low-Noise Adaptor, extension cable and y-cable for running two PWM fans on the same header"
https://www.newegg.com/nzxt-liquid-cooling-kraken-394mm-intel-socket-lga-1700-1200-115x-amd-socket-am5-am4-strx4-tr4-white/p/N82E16835146125,NZXT Kraken RGB 360mm - RL-KR360-W1 - AIO RGB CPU Liquid Cooler - LCD Display - 3 x F120RGB Core Fans Radiator Fans White LGA 1851/1700 & AMD AM5 Compatible,219.99,4.3,Newegg,"PERFORMANCE IN REAL TIME: Proudly display custom images and system specs in real time. The 1.54"" diameter LCD display screen provides a clean image.
 STAY COOL: Powerfully quiet F RGB Series Static Pressure fans provide cooling with superior heat dissipation capability. The 7th gen Asetek pump ensures your Kraken stays cool and quiet at 2800 RPM.
 SIMPLE INSTALL: Setup is made simple with a single breakout cable that takes the guesswork out of the installation process. The liquid tubes are protected with reinforced nylon-braided sleeves for added durability and worry-free handling.
 NZXT CAM-READY: Personalize screen content with custom images or performance info with user-friendly NZXT CAM software. Control fan and pump speeds and run at 0 RPM mode at low temperatures to eliminate fan noise."
https://www.newegg.com/black-istarusa-d-118v2-itx/p/N82E16811165402,iStarUSA D-118V2-ITX Black Metal / Aluminum 1U Rackmount Compact Server Chassis,66.99,3.4,PlatinumMicro,
https://www.newegg.com/asus-tuf-gaming-tuf-rtx5070ti-o16g-gaming-nvidia-geforce-rtx-5070-ti-16gb-gddr7/p/N82E16814126754,ASUS TUF Gaming GeForce RTX 5070 Ti OC Edition 16GB GDDR7 TUF-RTX5070TI-O16G-GAMING PCI-Express 5.0 DLSS 4.0 Graphics Card,1259.99,4.7,Newegg,"16GB 256-Bit GDDR7 
 8960 Cores CUDA Cores 
 PCI Express 5.0 x16"
https://www.newegg.com/broadcom-bcm95719a1904ac/p/N82E16833995296,Broadcom NetXtreme Quad-Port 1G PCIe Ethernet NIC,76.99,3,Cloud Computing LLC,Energy Efficient Ethernet compliant with IEEE Std 802.3az-2010 IEEE 802.3ap Clause 73 auto-negotiation Quad 10/100/1000BASE-T full-duplex/half-duplex MACs Virtualization support with VMware NetQueue and Microsoft VMQ Wake-on-LAN support Energy Efficient Ethernet (EEE)
https://www.newegg.com/black-xerox-109r00783-cleaning-kits/p/N82E16828997432,"XEROX 109R00783 Extendend Capacity Maintenance Kit for ColorQube 8700, 8870, 8900, 8570",240.14,,BeachAudio,"Capacity: 30,000"
https://www.newegg.com/msi-gt-710-2gd3-lp-nvidia-geforce-gt-710-2gb-ddr3/p/N82E16814127932,MSI GeForce GT 710 2GB DDR3 PCI Express 2.0 Low Profile Graphics Card GT 710 2GD3 LP,59.99,4.4,Newegg,"2GB 64-Bit DDR3 
 Core Clock 954 MHz 
 1 x DL-DVI-D 1 x HDMI 
 192 Cores CUDA Cores 
 PCI Express 2.0"
https://www.newegg.com/black-istarusa-d-410/p/N82E16811165140,"iStarUSA D-410 Black Zinc-Coated Steel 4U Rackmount Server Case 10 External 5.25"" Drive Bays",213.99,2.8,Newegg,"10 External 5.25"" Drive Bays 
 2 120mm Fans"
https://www.newegg.com/asus-rog-harpe-ace-aim-lab-edition-90mp02w0-bmaa00-usb-2-0-bluetooth-2-4ghz-wired/p/N82E16826785255,"Asus ROG Harpe Ace Aim Lab Edition Gaming Mouse, 54 g Ultra-Lightwieght, Connectivity (2.4GHz RF, Bluetooth, Wired), 36K DPI Sensor, 5 Programmable Buttons, ROG SpeedNova, Esports & FPS Gaming, Black",89.99,5,Newegg,"Pro-Tested Form Factor: Mouse shape co-developed with esports professionals to ensure maximum stability and control when flicking and tracking  
 Aim Lab Settings Optimizer: Synergistic software analyzes user strengths and play styles to tailor mouse settings uniquely to the player
 Lightweight 54-gram design: Extreme weight reduction through meticulous engineering and innovative bio-based nylon material construction
 ROG AimPoint optical sensor: Next-gen 36,000-dpi optical sensor with industry-leading < 1% cpi deviation for ultimate precision
 Tri-mode connectivity: Unmatched flexibility with wired USB, low-latency 2.4 GHz RF, plus Bluetooth® mode to pair up to three devices
 ROG SpeedNova wireless technology: Low-latency, reliable wireless performance and optimized energy efficiency in the 2.4 GHz RF mode
 Onboard control: Allows frequently used mouse settings to be adjusted directly by pressing different combinations of mouse buttons  
 ROG Micro Switches
 Anti-slip mouse grip tape"
https://www.newegg.com/sapphire-nitro-11322-01-40g-amd-radeon-rx-7900-xtx-24gb-gddr6/p/N82E16814202428,SAPPHIRE NITRO+ Radeon RX 7900 XTX 24GB GDDR6 PCI Express 4.0 x16 ATX Video Card 11322-01-40G,1119.99,4.4,Newegg,"24GB 384-Bit GDDR6 
 Boost Clock 2680 MHz 
 2 x HDMI 2.1 2 x DisplayPort 2.1 
 6144 Stream Processors 
 PCI Express 4.0 x16"
https://www.newegg.com/logitech-955-000074-black/p/N82E16836121271,"Logitech G Compass Premium Broadcast Boom Arm for Microphone, Internal Springs, Desktop Clamp and Built-in Cable Management, For Recording, Gaming, Streaming",107.98,1,Technology Galaxy,"Broadcast studio-grade design with enclosed aluminum construction and internal springs
 Hidden channel cable management system for sophisticated on-camera looks
 Hand-tightened friction hinges for smooth, quiet operation during streaming sessions and easy set up
 32-inch reach (81 cm) and 360-degree rotation for maximum maneuverability
 Premium quality mic boom arm designed for Yeti GX, Yeti, and other professional broadcast mics"
https://www.newegg.com/asus-rt-be96u-ieee-802-11be/p/N82E16833320569,"ASUS RT-BE96U BE19000 802.11BE Tri-Band Performance WiFi 7 Extendable Router with 6GHz support, Dual 10G Port, 320Mhz, lifetime internet security , *MLO, AiMesh Support",549.99,3.6,Newegg,"Next-gen WiFi standard - Ultrafast WiFi 7 (802.11be) tri-band WiFi router boosts speeds up to 19,000 Mbps
 2.4X higher speed with lower signal delays and interference - 6 GHz with new 320 MHz bandwidth & 4096-QAM
 Dual 10 Gb ports - Enjoy up to 10X-faster data transfer speeds for bandwidth-demanding tasks with two 10 Gbps WAN/LAN ports
 Multi-link connection - Link to multiple bands at the same time to ensure stable internet connections and efficient data transfers
 Commercial-grade network security - The latest ASUS technologies protect you from multiple types of threats
 *MLO Feature requires a WiFi 7 capable device. Expected firmware release by Q4 2023 or later"
https://www.newegg.com/white-creative-pebble-wired/p/0S6-004H-00064,Creative Pebble V2 USB-Powered Desktop Speakers with Far-Field Drivers and Passive Radiators for PCs and Laptops (White),27.19,4.6,Dzign Innovations,"Enjoy A Hassle-Free Audio Experience USB Cable powered
 Far-Field Drivers And Passive Radiators | Custom-Tuned Far-Field Driver 
 Solution With Rear Facing Passive Radiators For Excellent Audio And Enhanced Bass Reproduction
 45° Elevated Drivers 
 For Enhanced Audio Projection And An Immersive Personal Listening Experience
 Modern And Stylish Aesthetics 
 Perfect For Any Modern Homes, Offices And Workspaces"
https://www.newegg.com/broadcom-05-50077-01-pci-express/p/N82E16816125015,BROADCOM 05-50077-01 PCI-Express 4.0 x8 PCI-Express MegaRAID 9560-8i RAID Controller Card,653.00,,Superior Quality,"RAID 0/1/5/6/10/50/60 
 12Gb/s SAS and 16GT/s PCIe Gen4 (NVMe) compliant"
https://www.newegg.com/black-hp-410a/p/N82E16828414494,HP 410A LaserJet Toner Cartridge - Black,109.99,5,Newegg,"Black
 Model #: CF410A
 Single Pack
 Approx page yield per cartridge: 2300
 Compatible with: HP LaserJet M452,M377, M477 Series"
https://www.newegg.com/blue-microphones-yeti-usb-connector/p/N82E16886847001,"Blue Yeti USB Microphone for PC, Mac, Gaming, Recording, Streaming, Podcasting, Studio and Computer Condenser Mic with Blue VO!CE effects, 4 Pickup Patterns, Plug and Play – Blackout",99.99,4.5,Newegg,"Custom three-capsule array: This professional USB mic produces clear, powerful, broadcast-quality sound for YouTube videos, Twitch game streaming, podcasting, Zoom meetings, music recording and more
 Blue VO!CE software: Elevate your streamings and recordings with clear broadcast vocal sound and entertain your audience with enhanced effects, advanced modulation and HD audio samples
 Four pickup patterns: Flexible cardioid, omni, bidirectional, and stereo pickup patterns allow you to record in ways that would normally require multiple mics, for vocals, instruments and podcasts
 Onboard audio controls: Headphone volume, pattern selection, instant mute, and mic gain put you in charge of every level of the audio recording and streaming process
 Positionable design: Pivot the mic in relation to the sound source to optimize your sound quality thanks to the adjustable desktop stand and track your voice in real time with no-latency monitoring
 Plug 'n Play"
https://www.newegg.com/p/N82E16826153358,"Razer Cobra Wired Gaming Mouse 58g Lightweight Design, Gen-3 Optical Switches, Chroma RGB Lighting, 8500 DPI Optical Sensor",34.99,,Newegg,"58G LIGHTWEIGHT DESIGN: Built to fit most grip styles, the mouse allows for fast, precise control and feels comfortable to use during long gaming sessions
 GEN-3 OPTICAL MOUSE SWITCHES: Unrivalled durability and speed with switches that have an extended 90-million click lifecycle and eliminate double-clicking issues, boasting a blistering 0.2 ms actuation time without debounce delay
 CHROMA LIGHTING WITH GRADIENT UNDERGLOW: Customize the mouse with 16.8 million colors and countless lighting effects, creating a more immersive gaming experience as the lights react dynamically with hundreds of Chroma-integrated games
 PRECISE SENSOR ADJUSTMENTS: Fine-tune the mouse's sensitivity with precise adjustments in 50 DPI increments to achieve a truly tailored play style
 SPEEDFLEX CABLE: Provides greater flexibility and is designed to produce minimal drag, perform quicker and more fluid swipes, and offer a higher degree of control
 100% PTFE MOUSE FEET: Made from the highest grade of PTFE"
https://www.newegg.com/intel-xeon/p/N82E16819118424,Intel Xeon E-2378G Octa-core (8 Core) 2.80 GHz Processor - Retail Pack - 16 MB L3 Cache - 64-bit Processing - 5.10 GHz Overclocking Speed - 14 nm - Socket LGA-1200 - Intel UHD Graphics BX80708E2378G,599.99,,Newegg,"Manufacturer Part Number	BX80708E2378G
 Product Type	Processor
 Processor Core	Octa-core (8 Core)
 Thermal Design Power	80 W
 Processor Manufacturer	Intel
 Graphics Controller Manufacturer	Intel
 Graphics Controller Model	UHD Graphics P750
 Product Family	Xeon E
 Processor Threads	16
 L3 Cache	16 MB
 Clock Speed	2.80 GHz
 Processor Socket	Socket LGA-1200
 Product Model	E-2378G
 Process Technology	14 nm
 64-bit Processing	Yes
 Thermal Specification	212°F (100°C)
 Number of Monitors Supported	1
 Overclocking Speed	5.10 GHz
 Width	1.5""
 Depth	1.5""
 Package Type	Retail
 Product Line	Xeon E"
https://www.newegg.com/logitech-z533-wired-2-1/p/N82E16836121203,"Logitech Z533 2.1 Multimedia Speaker System with Subwoofer, Powerful Sound, Booming Bass, 3.5mm Audio and RCA Inputs, PC/PS/Xbox/TV/Smartphone/Tablet",139.99,4.4,NothingButSavings,"Powerful sound. 120 watts (60W of RMS power) of powerful yet balanced acoustics – produced by 2.25” (5.7 cm) full-range drivers designed with sound directivity to completely fill a room.
 Bass you can feel. Experience rich, dynamic bass with a front-facing subwoofer that immerses you in your music, movies or games.
 Play What you want. 3.5 mm and RCA inputs mean this speaker works with almost any Audio source – computer, tablet, smartphone, game console or TV. Just Plug in and start listening.
 Control at your fingertips. Place the wired control pod wherever you want for access to power, volume and bass controls, as well as an extra 3.5 mm jack and a headphone jack.
 Experience you can TRUST. For more than 30 years, Logitech has created high-quality audio products that bring your sound to life. Each system is designed and tested in our state-of-the-art Research and development labs, and held to the highest acoustic standards to bring you the optimal listening experience."
https://www.newegg.com/lg-24gs50fx-b-23-7-fhd-180-hz-va-purple-gray/p/N82E16824026468,"LG 24"" 180 Hz VA FHD Gaming Monitor FreeSync (AMD Adaptive Sync) NTSC 72% (CIE1931) 24GS50FX-B",139.99,,Newegg,"24"" 
 VA FHD 
 180 Hz 
 FreeSync (AMD Adaptive Sync) 
 1800:1 
 16.7 Million 
 Tilt: -5° (+/-3°) to +15° (+/-3°)        
 1 x DisplayPort 1.4 / 2 x HDMI 1.4"
